{
	"preset_data" : [ 		{
			"number" : 1,
			"data" : [ 5, "obj-214", "live.dial", "float", 19995.89453125, 5, "obj-145", "live.text", "float", 0.0, 5, "obj-148", "live.dial", "float", 20.012336730957031, 5, "obj-143", "live.text", "float", 0.0, 5, "obj-196", "slider", "float", 0.0, 5, "obj-139", "live.dial", "float", 1039.199951171875, 5, "obj-138", "live.dial", "float", 20.000999450683594, 5, "obj-100", "live.dial", "float", 0.0, 5, "obj-297", "live.dial", "float", 100.05999755859375, 5, "obj-286", "live.dial", "float", 50.0, 5, "obj-99", "live.text", "float", 0.0 ]
		}
, 		{
			"number" : 2,
			"data" : [ 5, "obj-214", "live.dial", "float", 8231.736328125, 5, "obj-145", "live.text", "float", 1.0, 5, "obj-148", "live.dial", "float", 66.40380859375, 5, "obj-143", "live.text", "float", 1.0, 5, "obj-196", "slider", "float", 0.237249478697777, 5, "obj-139", "live.dial", "float", 1067.5135498046875, 5, "obj-138", "live.dial", "float", 58.26904296875, 5, "obj-100", "live.dial", "float", 53.543292999267578, 5, "obj-297", "live.dial", "float", 2921.1103515625, 5, "obj-286", "live.dial", "float", 70.078750610351562, 5, "obj-99", "live.text", "float", 1.0 ]
		}
 ]
}
