{
	"aluminium" : [ 0.599997, 0.600015, 0.600005, 1.0 ],
	"aqua" : [ 0.059472, 0.501943, 0.998465, 1.0 ],
	"aspargus" : [ 0.501957, 0.501942, 0.014744, 1.0 ],
	"banana" : [ 0.999997, 1.0, 0.400001, 1.0 ],
	"blueberry" : [ 0.000066, 0.001801, 0.998229, 1.0 ],
	"cantaloupe" : [ 0.995808, 0.800124, 0.399987, 1.0 ],
	"carnation" : [ 0.989013, 0.435749, 0.81175, 1.0 ],
	"cayenne" : [ 0.501963, 0.0, 0.008128, 1.0 ],
	"clover" : [ 0.065909, 0.501809, 0.006823, 1.0 ],
	"grape" : [ 0.501967, 0.001556, 0.998511, 1.0 ],
	"ice" : [ 0.399985, 1.0, 0.999212, 1.0 ],
	"lavender" : [ 0.800003, 0.400086, 0.999035, 1.0 ],
	"lead" : [ 0.098039, 0.098042, 0.09804, 1.0 ],
	"lemon" : [ 0.999993, 0.999963, 0.041015, 1.0 ],
	"lime" : [ 0.501945, 0.999984, 0.031006, 1.0 ],
	"maraschino" : [ 0.986252, 0.007236, 0.027423, 1.0 ],
	"mocha" : [ 0.501961, 0.250953, 0.010028, 1.0 ],
	"ocean" : [ 0.028509, 0.250925, 0.501969, 1.0 ],
	"plum" : [ 0.501963, 0.000046, 0.501966, 1.0 ],
	"salmon" : [ 0.988908, 0.400489, 0.399963, 1.0 ],
	"silver" : [ 0.799997, 0.800021, 0.800007, 1.0 ],
	"sky" : [ 0.399992, 0.800062, 0.998949, 1.0 ],
	"snow" : [ 0.999995, 1.0, 1.0, 1.0 ],
	"steel" : [ 0.399998, 0.40001, 0.400003, 1.0 ],
	"strawberry" : [ 0.986047, 0.008333, 0.501923, 1.0 ],
	"tangerine" : [ 0.990448, 0.502245, 0.032881, 1.0 ],
	"turquoise" : [ 0.1277, 0.999775, 0.999048, 1.0 ]
}
